opd,intensity,lat,lon
AB10,0,57.1349,-2.11738
AB11,0,57.1371,-2.09346
AB12,0,57.1034,-2.1098
AB13,0,57.1124,-2.24337
AB14,0,57.1034,-2.2727
AB15,0,57.1386,-2.16699
AB16,0,57.1596,-2.15653
AB21,0,57.2081,-2.2007
AB22,0,57.1865,-2.11967
AB23,0,57.2083,-2.08982
AB34,0,57.0927,-2.80993
AB25,0,57.1535,-2.11424
AB30,0,56.8457,-2.47711
AB31,0,57.0669,-2.50483
AB32,0,57.1545,-2.31487
AB33,0,57.226,-2.73698
AB34,0,57.0927,-2.80993
AB35,0,57.039,-3.14433
AB37,0,57.3308,-3.35294
AB38,0,57.4854,-3.22714
AB39,0,56.978,-2.21703
AB41,0,57.3718,-2.11687
AB42,0,57.5016,-1.88818
AB43,0,57.6578,-2.04487
AB44,0,57.6682,-2.49318
AB45,0,57.6521,-2.567
AB51,0,57.2879,-2.40476
AB52,0,57.3421,-2.60258
AB53,0,57.5344,-2.40719
AB54,0,57.4657,-2.75604
AB55,0,57.5324,-2.97563
AB56,0,57.6735,-2.91919
AL1,39,51.7487,-0.319472
AL2,39,51.7223,-0.331038
AL3,39,51.7754,-0.366601
AL4,39,51.7713,-0.295994
AL5,39,51.8146,-0.35151
AL6,39,51.8299,-0.199444
AL7,39,51.7986,-0.189303
AL8,39,51.8034,-0.210326
AL9,39,51.7469,-0.201694
AL10,39,51.7609,-0.231256
B1,48,52.4796,-1.90779
B2,48,52.4863,-1.89732
B3,48,52.4823,-1.90289
B4,48,52.4838,-1.89374
B5,48,52.4722,-1.89683
B6,48,52.5025,-1.88685
B7,48,52.4938,-1.87438
B8,48,52.49,-1.84277
B9,48,52.4781,-1.85284
B10,48,52.4701,-1.85328
B11,48,52.4554,-1.85984
B12,48,52.4609,-1.88253
B13,48,52.4351,-1.8826
B14,48,52.4188,-1.89026
B15,48,52.468,-1.92348
B16,48,52.4754,-1.9323
B17,48,52.4615,-1.96293
B18,48,52.4915,-1.92254
B19,48,52.4963,-1.90616
B20,48,52.5134,-1.91885
B21,48,52.5051,-1.93634
B23,48,52.5276,-1.85172
B24,48,52.5196,-1.82891
B25,48,52.4616,-1.826
B26,48,52.4607,-1.79288
B27,48,52.4458,-1.82377
B28,48,52.4278,-1.84318
B29,48,52.4377,-1.94563
B30,48,52.4212,-1.9281
B31,48,52.4092,-1.97309
B32,48,52.4509,-1.99449
B33,48,52.4807,-1.78795
B34,48,52.4957,-1.78168
B35,48,52.5173,-1.78998
B36,48,52.5045,-1.77998
B37,48,52.4784,-1.74181
B38,48,52.401,-1.93401
B40,48,52.4587,-1.72503
B42,48,52.5347,-1.90468
B43,48,52.5476,-1.92824
B44,48,52.545,-1.88565
B45,48,52.3885,-2.00843
B46,48,52.5071,-1.69761
B47,48,52.3887,-1.88118
B48,48,52.3568,-1.95165
B49,48,52.2173,-1.86743
B50,48,52.1696,-1.85662
B60,48,52.3236,-2.05
B61,48,52.3441,-2.06747
B62,48,52.4599,-2.03721
B63,48,52.4531,-2.06737
B64,48,52.4724,-2.06909
B65,48,52.4828,-2.04345
B66,48,52.4936,-1.96587
B67,48,52.4877,-1.97729
B68,48,52.4801,-2.00183
B69,48,52.5028,-2.02546
B70,48,52.5198,-2.00267
B71,48,52.5348,-1.9901
B72,48,52.5545,-1.82364
B73,48,52.5593,-1.83767
B74,48,52.5823,-1.85727
B75,48,52.5778,-1.81122
B76,48,52.5447,-1.7899
B77,188,52.6203,-1.67172
B78,188,52.6066,-1.6751
B79,188,52.6481,-1.68231
B80,48,52.279,-1.89717
B90,48,52.4012,-1.82608
B91,48,52.414,-1.7807
B92,48,52.4353,-1.77432
B93,48,52.3831,-1.74212
B94,48,52.353,-1.79094
B95,188,52.2871,-1.78055
B96,48,52.2549,-1.95955
B97,48,52.3033,-1.94973
B98,48,52.3037,-1.91601
BA1,180,51.3888,-2.36019
BA2,180,51.362,-2.37621
BA3,180,51.2856,-2.4493
BA4,180,51.1746,-2.5333
BA5,180,51.2116,-2.65485
BA6,180,51.1431,-2.70941
BA7,180,51.0894,-2.51854
BA8,160,51,-2.41073
BA9,160,51.0577,-2.41015
BA10,160,51.1123,-2.44728
BA11,160,51.2376,-2.32633
BA12,160,51.1743,-2.18742
BA13,160,51.263,-2.18487
BA14,160,51.319,-2.20283
BA15,180,51.3484,-2.26218
BA16,180,51.1265,-2.74323
BA20,160,50.939,-2.64274
BA21,160,50.9511,-2.63381
BA22,160,50.9686,-2.63721
BB1,13,53.7552,-2.46573
BB2,13,53.7418,-2.498
BB3,13,53.6978,-2.46624
BB4,13,53.7034,-2.29113
BB5,13,53.7545,-2.37229
BB6,13,53.8039,-2.4156
BB7,13,53.8718,-2.3891
BB8,163,53.8792,-2.16807
BB9,13,53.837,-2.21583
BB10,13,53.7994,-2.22166
BB11,13,53.7848,-2.25077
BB12,13,53.802,-2.28895
BB18,163,53.915,-2.17253
BD1,163,53.7973,-1.75431
BD2,163,53.8141,-1.73627
BD3,163,53.7979,-1.72996
BD4,163,53.7768,-1.72164
BD5,163,53.7793,-1.75835
BD6,163,53.7649,-1.78478
BD7,163,53.7842,-1.78099
BD8,163,53.8014,-1.78063
BD9,163,53.8115,-1.78812
BD10,163,53.8309,-1.72621
BD11,163,53.7499,-1.67918
BD12,163,53.7479,-1.76243
BD13,163,53.7876,-1.85603
BD14,163,53.7833,-1.81749
BD15,163,53.808,-1.83513
BD16,163,53.8475,-1.83221
BD17,163,53.845,-1.76907
BD18,163,53.8302,-1.77648
BD19,163,53.7266,-1.71437
BD20,163,53.8958,-1.94663
BD21,163,53.8646,-1.90836
BD22,163,53.8469,-1.95236
BD23,163,53.9887,-2.05228
BD24,163,54.0772,-2.28157
BH1,160,50.7253,-1.86308
BH2,160,50.7219,-1.88129
BH3,160,50.7355,-1.88024
BH4,160,50.7217,-1.90053
BH5,160,50.7258,-1.83707
BH6,160,50.7277,-1.80919
BH7,160,50.7346,-1.83415
BH8,160,50.7398,-1.85395
BH9,160,50.7498,-1.87482
BH10,160,50.7591,-1.89326
BH11,160,50.7609,-1.92014
BH12,160,50.738,-1.92484
BH13,160,50.7104,-1.91831
BH14,160,50.7223,-1.94554
BH15,160,50.7208,-1.9849
BH16,160,50.7382,-2.04431
BH17,160,50.7458,-1.97326
BH18,160,50.7571,-1.99153
BH19,160,50.6114,-1.97
BH20,160,50.6875,-2.14463
BH21,160,50.8182,-1.96456
BH22,160,50.8061,-1.88912
BH23,160,50.7454,-1.75856
BH24,160,50.846,-1.7878
BH25,160,50.7523,-1.65862
BH31,160,50.8749,-1.86922
BL0,13,53.6434,-2.3162
BL1,13,53.5889,-2.44065
BL2,13,53.5877,-2.39785
BL3,13,53.5662,-2.43197
BL4,13,53.5474,-2.4035
BL5,13,53.5517,-2.51712
BL6,13,53.5911,-2.54015
BL7,13,53.6282,-2.42304
BL8,13,53.6019,-2.32361
BL9,13,53.592,-2.28886
BN1,93,50.8372,-0.140105
BN2,93,50.8245,-0.107978
BN3,93,50.8345,-0.175377
BN5,93,50.9243,-0.268091
BN5,93,50.9243,-0.268091
BN7,93,50.8783,0.00293579
BN8,93,50.9124,0.0506446
BN9,93,50.7953,0.0268781
BN10,93,50.7956,0.00188659
BN11,93,50.8137,-0.375466
BN12,93,50.8142,-0.426895
BN13,93,50.8304,-0.406437
BN14,93,50.8308,-0.379929
BN15,93,50.83,-0.325111
BN16,93,50.8155,-0.498054
BN17,93,50.8153,-0.537171
BN18,160,50.8486,-0.578431
BN20,93,50.774,0.25486
BN21,93,50.7721,0.274644
BN22,93,50.7879,0.283456
BN23,93,50.7985,0.312721
BN24,93,50.8156,0.325525
BN25,93,50.7759,0.10728
BN26,93,50.8215,0.225111
BN27,93,50.8708,0.262824
BN41,93,50.8391,-0.21531
BN42,93,50.8367,-0.232048
BN43,93,50.8354,-0.268231
BN44,93,50.8927,-0.318648
BN45,93,50.8884,-0.183222
BR1,66,51.4107,0.0194289
BR2,66,51.3904,0.0216416
BR3,66,51.4034,-0.0317743
BR4,93,51.3756,-0.00989192
BR5,93,51.3892,0.102525
BR6,93,51.3674,0.0925366
BR7,66,51.4118,0.0591587
BR8,93,51.3976,0.174818
BS0,180,51.3439,-2.95702
BS1,180,51.4539,-2.59204
BS2,180,51.459,-2.58113
BS3,180,51.4386,-2.60345
BS4,180,51.4362,-2.56398
BS5,180,51.4622,-2.55284
BS6,180,51.4702,-2.59837
BS7,180,51.4867,-2.5816
BS8,180,51.4575,-2.61943
BS9,180,51.4883,-2.62535
BS10,180,51.5056,-2.61173
BS11,180,51.4987,-2.67846
BS13,180,51.4121,-2.61181
BS14,180,51.4131,-2.56317
BS15,48,51.4548,-2.49618
BS16,180,51.4856,-2.51256
BS20,180,51.4806,-2.75702
BS21,180,51.4362,-2.85138
BS22,180,51.3606,-2.92825
BS23,180,51.3435,-2.96948
BS24,180,51.3313,-2.92489
BS25,180,51.3208,-2.82671
BS26,180,51.2805,-2.85054
BS27,180,51.2724,-2.77233
BS28,180,51.2273,-2.81535
BS29,180,51.3302,-2.87357
BS30,48,51.4464,-2.47544
BS31,180,51.4096,-2.49346
BS32,180,51.5415,-2.5611
BS34,180,51.5253,-2.5678
BS35,48,51.5974,-2.54808
BS36,48,51.5262,-2.48788
BS37,48,51.5402,-2.41833
BS39,180,51.3281,-2.5329
BS40,180,51.3469,-2.6937
BS41,180,51.4235,-2.65441
BS48,180,51.4265,-2.74967
BS49,180,51.3825,-2.81611
CA1,13,54.8871,-2.9183
CA2,13,54.8848,-2.95066
CA3,13,54.9059,-2.93997
CA4,13,54.8568,-2.82098
CA5,13,54.8209,-3.21068
CA6,13,54.9869,-2.86862
CA7,13,54.8086,-3.23521
CA8,13,54.9397,-2.68813
CA9,11,54.8013,-2.4173
CA10,13,54.6141,-2.66247
CA11,13,54.6648,-2.78218
CA12,13,54.6023,-3.13425
CA13,13,54.6604,-3.36798
CA14,13,54.6352,-3.53957
CA15,13,54.7118,-3.48198
CA16,13,54.5739,-2.48497
CA17,13,54.4799,-2.35046
CA18,13,54.3546,-3.39042
CA19,13,54.387,-3.38613
CA20,13,54.4099,-3.46351
CA21,13,54.4453,-3.51654
CA22,13,54.4804,-3.53227
CA23,13,54.5142,-3.49348
CA24,13,54.5147,-3.54318
CA25,13,54.5221,-3.51961
CA26,13,54.5445,-3.48521
CA27,13,54.4909,-3.59294
CA28,13,54.5436,-3.57964
CB1,39,52.1858,0.167315
CB2,39,52.1719,0.129569
CB3,39,52.2141,0.0335664
CB4,39,52.2437,0.117627
CB5,39,52.2337,0.199545
CB6,39,52.4034,0.224604
CB7,39,52.3697,0.312195
CB8,39,52.233,0.420979
CB9,39,52.083,0.439942
CB10,39,52.0293,0.258073
CB11,39,52.0019,0.213921
CB21,39,52.1305,0.279402
CB22,39,52.1333,0.135964
CB23,39,52.2168,-0.0227946
CB24,39,52.2755,0.0841643
CB25,39,52.2569,0.245945
CF3,197,51.518,-3.11863
CF5,197,51.4829,-3.24158
CF10,197,51.4736,-3.17728
CF11,197,51.4707,-3.19264
CF14,197,51.5202,-3.20243
CF15,197,51.5339,-3.27104
CF23,197,51.5136,-3.14513
CF24,197,51.4848,-3.1664
CF31,197,51.5077,-3.57544
CF32,197,51.5577,-3.58281
CF33,197,51.5245,-3.68718
CF34,197,51.6108,-3.65265
CF35,197,51.5213,-3.52764
CF36,197,51.4839,-3.69981
CF37,197,51.6015,-3.33426
CF38,197,51.5609,-3.33349
CF39,197,51.6017,-3.42659
CF40,197,51.6205,-3.45274
CF41,197,51.6478,-3.48274
CF42,197,51.6666,-3.52193
CF43,197,51.657,-3.44978
CF44,197,51.7173,-3.4572
CF45,197,51.6701,-3.36283
CF46,197,51.6639,-3.30147
CF47,197,51.7507,-3.37545
CF48,197,51.7426,-3.37059
CF61,197,51.4094,-3.48095
CF62,197,51.4042,-3.3092
CF63,197,51.4106,-3.26032
CF72,197,51.5299,-3.39968
CF81,197,51.6997,-3.24385
CF82,197,51.6493,-3.23711
CF83,197,51.5855,-3.22058
CH1,34,53.1994,-2.90011
CH2,34,53.2156,-2.87071
CH3,34,53.1679,-2.82568
CH4,34,53.1695,-2.93832
CH5,34,53.2048,-3.0389
CH8,34,53.2822,-3.24157
CH41,34,53.3947,-3.03076
CH42,34,53.3752,-3.02205
CH43,34,53.3829,-3.06014
CH44,34,53.4156,-3.0373
CH45,34,53.4283,-3.05078
CH46,34,53.4038,-3.11094
CH47,34,53.3958,-3.17021
CH48,34,53.3726,-3.17085
CH49,34,53.381,-3.10335
CH60,34,53.3269,-3.09643
CH61,34,53.3474,-3.10179
CH62,34,53.3359,-2.98219
CH63,34,53.3458,-3.01141
CH64,34,53.2884,-3.04927
CH64,34,53.2884,-3.04927
CH65,34,53.2782,-2.90247
CH66,34,53.278,-2.93564
CM0,39,51.6594,0.832094
CM1,39,51.7454,0.466008
CM2,39,51.7237,0.48497
CM3,39,51.7159,0.586586
CM4,39,51.6749,0.388422
CM5,39,51.7183,0.247778
CM7,39,51.886,0.54783
CM8,39,51.805,0.638607
CM9,39,51.7394,0.695719
CM11,39,51.624,0.442856
CM12,39,51.6268,0.414888
CM13,39,51.6153,0.334626
CM14,39,51.6189,0.295538
CM15,39,51.6413,0.304196
CM16,39,51.7002,0.118702
CM17,39,51.7728,0.140946
CM18,39,51.7567,0.104674
CM19,39,51.7614,0.07431
CM20,39,51.7745,0.100421
CM22,39,51.8652,0.217196
CM23,39,51.871,0.158895
CM24,39,51.8977,0.20653
CM77,39,51.8675,0.552822
CO1,39,51.8802,0.888641
CO2,39,51.871,0.895387
CO3,39,51.8853,0.858199
CO4,39,51.9068,0.920662
CO5,39,51.8141,0.822364
CO6,39,51.9328,0.79338
CO7,39,51.8805,1.00305
CO8,39,51.9734,0.766757
CO9,39,51.9678,0.610869
CO10,39,52.054,0.726761
CO11,39,51.9424,1.07516
CO12,39,51.9323,1.25581
CO13,39,51.8382,1.23785
CO14,39,51.8503,1.26754
CO15,39,51.7967,1.15521
CO16,39,51.8196,1.12571
CR2,93,51.3453,-0.0954831
CR3,93,51.2977,-0.096709
CR4,66,51.4025,-0.144915
CR5,93,51.3134,-0.141388
CR6,93,51.3029,-0.0574917
CR7,93,51.3926,-0.103572
CR8,93,51.3364,-0.110998
CT1,93,51.2788,1.08661
CT2,93,51.2922,1.08163
CT3,93,51.2769,1.20731
CT4,93,51.2281,1.06789
CT5,93,51.3543,1.03453
CT6,93,51.3642,1.1285
CT7,93,51.3717,1.30241
CT8,93,51.3806,1.34057
CT10,93,51.3629,1.42916
CT11,93,51.3365,1.4124
CT12,93,51.3431,1.37047
CT13,93,51.2686,1.33038
CT14,93,51.2174,1.38699
CT15,93,51.1713,1.28348
CT16,93,51.1394,1.3014
CT17,93,51.1287,1.29529
CT18,93,51.1126,1.15046
CT19,93,51.0884,1.16846
CT20,93,51.0796,1.16528
CT21,93,51.0731,1.07799
CV1,188,52.409,-1.50751
CV2,188,52.4234,-1.46768
CV3,188,52.3938,-1.48272
CV4,188,52.3996,-1.55566
CV5,188,52.4119,-1.54833
CV6,188,52.431,-1.50712
CV7,188,52.4424,-1.5591
CV9,188,52.5844,-1.55904
CV10,188,52.5256,-1.49917
CV11,188,52.5203,-1.45684
CV12,188,52.477,-1.47372
CV13,188,52.6081,-1.41777
CV21,188,52.3708,-1.2714
CV22,188,52.3579,-1.2832
CV23,188,52.3502,-1.30132
CV31,188,52.28,-1.52709
CV32,188,52.2957,-1.53189
CV33,188,52.2384,-1.44384
CV34,188,52.2844,-1.58475
CV35,188,52.2319,-1.59524
CV36,48,52.071,-1.62981
CV37,48,52.1871,-1.71502
CV47,188,52.2367,-1.38679
CW1,34,53.0998,-2.43064
CW2,34,53.0813,-2.4458
CW3,34,53.0035,-2.41094
CW4,34,53.2041,-2.34046
CW5,34,53.0634,-2.52194
CW6,34,53.1616,-2.66733
CW7,34,53.1907,-2.52753
CW8,34,53.2542,-2.55958
CW9,34,53.2596,-2.504
CW10,34,53.189,-2.44898
CW11,34,53.1432,-2.36511
CW12,48,53.1664,-2.21604
DA2,93,51.4332,0.2319
DA3,93,51.3859,0.306404
DA4,93,51.3928,0.230816
DA5,66,51.441,0.147447
DA6,66,51.4561,0.13893
DA8,66,51.4761,0.179863
DA9,93,51.4482,0.280647
DA10,93,51.4429,0.300921
DA11,93,51.4354,0.351724
DA12,93,51.4307,0.384032
DA13,93,51.3861,0.354268
DA14,66,51.4259,0.110447
DA15,66,51.4398,0.0989521
DA16,66,51.4645,0.109009
DA17,66,51.4866,0.150627
DD1,0,56.4618,-2.97734
DD2,0,56.4711,-3.02794
DD3,0,56.482,-2.98933
DD4,0,56.4819,-2.93561
DD5,0,56.4795,-2.86329
DD6,1,56.437,-2.92707
DD7,0,56.5028,-2.7195
DD8,0,56.6557,-2.92195
DD9,0,56.7475,-2.66678
DD10,0,56.7453,-2.4309
DD11,0,56.5724,-2.59776
DE1,188,52.9189,-1.47264
DE3,188,52.9154,-1.50867
DE4,188,53.1437,-1.58537
DE5,188,53.0567,-1.4258
DE6,188,52.9631,-1.66799
DE7,188,52.9401,-1.34298
DE11,188,52.773,-1.55687
DE12,188,52.7274,-1.55388
DE13,188,52.8078,-1.688
DE14,188,52.8071,-1.63895
DE15,188,52.7994,-1.61041
DE21,188,52.9325,-1.43523
DE22,188,52.933,-1.4976
DE23,188,52.8994,-1.49987
DE24,188,52.8904,-1.45346
DE45,188,53.2143,-1.67736
DE55,188,53.0996,-1.37194
DE56,188,53.0212,-1.47701
DE65,188,52.8665,-1.6207
DE72,188,52.894,-1.36693
DE73,188,52.8494,-1.43852
DE74,188,52.8478,-1.34046
DE75,188,53.0121,-1.3533
DG1,1,55.0732,-3.58559
DG2,1,55.0653,-3.65662
DG3,1,55.2369,-3.79904
DG4,1,55.3753,-3.95508
DG5,1,54.9214,-3.81291
DG6,1,54.8372,-4.05551
DG7,1,54.9662,-4.00875
DG8,1,54.8745,-4.51404
DG9,1,54.8786,-5.02285
DG10,1,55.3211,-3.43917
DG11,1,55.1147,-3.34088
DG12,1,54.9898,-3.2516
DG13,1,55.1744,-3.03246
DG14,1,55.0801,-2.98764
DG16,1,54.997,-3.06844
DH1,11,54.7826,-1.56254
DH2,11,54.8599,-1.59829
DH3,11,54.8701,-1.56933
DH4,11,54.8529,-1.49026
DH5,11,54.8246,-1.45589
DH6,11,54.7535,-1.46515
DH7,11,54.7895,-1.66159
DH8,11,54.8533,-1.83292
DH9,11,54.8678,-1.71096
DL1,11,54.528,-1.54132
DL2,11,54.5274,-1.59131
DL3,11,54.5312,-1.56906
DL4,11,54.6308,-1.64565
DL5,11,54.6162,-1.57701
DL6,11,54.3679,-1.39416
DL7,11,54.337,-1.47919
DL8,11,54.2947,-1.7849
DL9,11,54.376,-1.71085
DL10,11,54.4131,-1.69976
DL11,11,54.439,-1.87133
DL12,11,54.5703,-1.98142
DL13,11,54.7168,-1.95195
DL14,11,54.6534,-1.6902
DL15,11,54.7096,-1.72915
DL17,11,54.6811,-1.54313
DN1,163,53.5209,-1.11845
DN2,163,53.5327,-1.10419
DN3,163,53.5437,-1.06472
DN4,163,53.506,-1.12209
DN5,163,53.5367,-1.17119
DN6,163,53.5948,-1.17711
DN7,163,53.5804,-1.01757
DN8,163,53.6145,-0.956476
DN9,163,53.5056,-0.904923
DN10,188,53.4266,-0.941239
DN11,163,53.4497,-1.08379
DN12,163,53.4832,-1.22365
DN14,163,53.7077,-0.935192
DN15,163,53.6096,-0.652586
DN16,163,53.5684,-0.640042
DN17,163,53.5733,-0.7032
DN18,163,53.6819,-0.446229
DN19,163,53.6846,-0.36581
DN20,163,53.5578,-0.503572
DN21,163,53.4173,-0.710059
DN22,188,53.3246,-0.929673
DN31,163,53.5709,-0.0845028
DN32,163,53.5632,-0.0711277
DN33,163,53.5406,-0.0985022
DN34,163,53.558,-0.111968
DN35,163,53.5555,-0.0379518
DN36,163,53.5135,-0.0400369
DN37,163,53.5509,-0.149341
DN38,163,53.5603,-0.397239
DN39,163,53.6171,-0.329609
DN40,163,53.6216,-0.22399
DN41,163,53.5848,-0.195638
DT1,160,50.7125,-2.44417
DT2,160,50.7485,-2.44937
DT3,160,50.6405,-2.46694
DT4,160,50.6099,-2.4632
DT5,160,50.5494,-2.4428
DT6,180,50.7387,-2.77474
DT7,180,50.7293,-2.94579
DT8,160,50.815,-2.75804
DT9,160,50.9426,-2.51674
DT10,160,50.9372,-2.33146
DT11,160,50.8615,-2.1799
DY1,48,52.5151,-2.09433
DY2,48,52.4976,-2.0826
DY3,48,52.5298,-2.12865
DY4,48,52.5319,-2.05445
DY5,48,52.481,-2.12281
DY6,48,52.4989,-2.16436
DY7,48,52.4646,-2.21792
DY8,48,52.4599,-2.15389
DY9,48,52.4375,-2.12419
DY10,48,52.3862,-2.2292
DY11,48,52.3854,-2.26034
DY12,48,52.3865,-2.32369
DY13,48,52.3372,-2.28087
DY14,48,52.381,-2.4561
E1,66,51.5163,-0.0604232
E1W,66,51.5118,-0.0593114
E2,66,51.5301,-0.0622784
E3,66,51.5282,-0.0258128
E4,39,51.6239,-0.00321129
E5,66,51.5592,-0.054675
E6,66,51.5252,0.0551741
E7,66,51.5476,0.0261474
E8,66,51.5412,-0.0649666
E9,66,51.5418,-0.0466257
E10,66,51.5687,-0.0129171
E11,66,51.5674,0.0116519
E12,66,51.551,0.0507953
E13,66,51.5282,0.0258566
E14,66,51.5076,-0.0207582
E15,66,51.5386,0.000449369
E16,66,51.5114,0.020812
E17,66,51.5864,-0.0202249
E18,66,51.5926,0.0255458
E20,66,51.5465,-0.0105023
EH1,1,55.9522,-3.19192
EH2,1,55.9532,-3.20043
EH3,1,55.9524,-3.20452
EH4,1,55.9624,-3.25536
EH5,1,55.9746,-3.21938
EH6,1,55.9712,-3.17389
EH7,1,55.9599,-3.16473
EH8,1,55.9499,-3.16628
EH9,1,55.9332,-3.18694
EH10,1,55.9216,-3.2108
EH11,1,55.9334,-3.25141
EH12,1,55.9414,-3.27404
EH13,1,55.9086,-3.24257
EH14,1,55.9115,-3.28108
EH15,1,55.9472,-3.11309
EH16,1,55.9238,-3.15131
EH17,1,55.9069,-3.14424
EH28,1,55.9284,-3.40418
EH29,1,55.9569,-3.39545
EH30,1,55.9827,-3.37827
EN1,39,51.6532,-0.0706861
EN2,39,51.6585,-0.0917015
EN3,39,51.6581,-0.0416301
EN4,39,51.6482,-0.162348
EN5,39,51.6483,-0.190501
EN6,39,51.699,-0.179809
EN7,39,51.7082,-0.0645736
EN8,39,51.6962,-0.0331983
EN9,39,51.6946,0.0104443
EN10,39,51.7409,-0.0211214
EN11,39,51.7638,-0.00934386
EX1,180,50.7268,-3.51019
EX2,180,50.7114,-3.51527
EX3,180,50.6939,-3.45985
EX4,180,50.7302,-3.5265
EX5,180,50.7549,-3.43688
EX6,180,50.6758,-3.59259
EX7,180,50.5861,-3.47124
EX8,180,50.6284,-3.40306
EX9,180,50.6389,-3.32366
EX10,180,50.6919,-3.24575
EX11,180,50.7472,-3.28863
EX12,180,50.7067,-3.0811
EX13,180,50.7738,-3.02537
EX14,180,50.8109,-3.20016
EX15,180,50.8756,-3.34607
EX16,180,50.9206,-3.49089
EX17,180,50.8101,-3.70166
EX18,180,50.9016,-3.88659
EX19,180,50.876,-3.9998
EX20,180,50.7507,-4.01541
EX21,180,50.8035,-4.20909
EX22,180,50.8265,-4.36674
EX23,180,50.8249,-4.53419
EX24,180,50.7375,-3.08733
EX31,180,51.0854,-4.0677
EX32,180,51.0732,-4.02711
EX33,180,51.1126,-4.16622
EX34,180,51.1992,-4.10784
EX35,180,51.2247,-3.82933
EX36,180,51.017,-3.79978
EX37,180,50.9793,-3.95513
EX38,180,50.9452,-4.15084
EX39,180,51.016,-4.24277
FK1,1,55.9888,-3.79299
FK2,1,56.0053,-3.75831
FK3,1,56.0119,-3.72038
FK4,1,55.9976,-3.90735
FK5,1,56.0255,-3.82021
FK6,1,56.0215,-3.9145
FK7,1,56.0994,-3.91814
FK8,0,56.129,-4.03424
FK9,1,56.1416,-3.94137
FK10,1,56.115,-3.78333
FK11,1,56.1499,-3.85114
FK12,1,56.1521,-3.80153
FK13,1,56.1502,-3.74252
FK14,1,56.1629,-3.66675
FK15,0,56.2,-3.95226
FK16,0,56.1911,-4.05943
FK17,0,56.2405,-4.2195
FK18,0,56.3157,-4.31675
FK19,0,56.3728,-4.31124
FK20,0,56.4074,-4.61056
FK21,0,56.4663,-4.32062
FY1,13,53.8161,-3.04827
FY2,13,53.8444,-3.04023
FY3,13,53.8211,-3.02265
FY4,13,53.792,-3.0305
FY5,13,53.8736,-3.02436
FY6,13,53.865,-2.98045
FY7,13,53.9165,-3.02549
FY8,13,53.7505,-3.00669
G1,1,55.8604,-4.24911
G2,1,55.8635,-4.25593
G3,1,55.8663,-4.27029
G4,1,55.8681,-4.2516
G5,1,55.8477,-4.25395
G11,1,55.8735,-4.31324
G12,1,55.8797,-4.30203
G13,1,55.8928,-4.34715
G14,1,55.8801,-4.35055
G15,1,55.9103,-4.36678
G20,1,55.8855,-4.28204
G21,1,55.8805,-4.22283
G22,1,55.8896,-4.2526
G23,1,55.9022,-4.28526
G31,1,55.8562,-4.20929
G32,1,55.8488,-4.16631
G33,1,55.873,-4.16507
G34,1,55.8679,-4.11259
G40,1,55.8475,-4.22111
G41,1,55.8387,-4.28163
G42,1,55.8341,-4.25868
G43,1,55.8185,-4.2924
G44,1,55.8142,-4.25771
G45,1,55.8046,-4.23306
G45,1,55.8046,-4.23306
G46,1,55.8044,-4.30697
G51,1,55.8574,-4.31314
G52,1,55.8496,-4.3532
G53,1,55.8209,-4.35241
G60,1,55.9182,-4.44327
G61,1,55.9192,-4.33018
G62,1,55.9426,-4.32032
G63,0,56.0427,-4.36997
G64,1,55.9109,-4.21796
G65,1,55.9721,-4.0999
G66,1,55.9403,-4.15445
G67,1,55.9478,-3.98571
G68,1,55.9532,-4.01085
G69,1,55.8741,-4.10255
G71,1,55.8218,-4.07576
G72,1,55.8046,-4.13054
G73,1,55.8218,-4.20666
G74,1,55.7678,-4.17789
G75,1,55.7512,-4.19533
G76,1,55.7783,-4.27337
G77,1,55.7739,-4.33146
G78,1,55.7935,-4.409
G81,1,55.9121,-4.40713
G82,1,55.9509,-4.57352
G83,1,56.0117,-4.58734
G84,1,56.0139,-4.75473
GL1,48,51.8574,-2.24505
GL2,48,51.8412,-2.26984
GL3,48,51.8597,-2.18071
GL4,48,51.8429,-2.21892
GL5,48,51.7393,-2.22119
GL6,48,51.7383,-2.19891
GL7,160,51.7114,-1.90604
GL8,160,51.6415,-2.16905
GL9,48,51.5611,-2.29357
GL10,48,51.7444,-2.28311
GL11,48,51.6922,-2.35735
GL12,48,51.6279,-2.385
GL13,48,51.693,-2.45367
GL14,48,51.8188,-2.48441
GL15,48,51.735,-2.54985
GL16,48,51.7951,-2.61323
GL17,48,51.8549,-2.50809
GL18,48,51.9407,-2.41389
GL19,48,51.9381,-2.28429
GL20,48,52.0027,-2.13113
GL50,48,51.9015,-2.08149
GL51,48,51.8967,-2.10828
GL52,48,51.9222,-2.06071
GL53,48,51.882,-2.06907
GL54,48,51.898,-1.86759
GL55,48,52.0623,-1.77121
GL56,48,51.9903,-1.70405
GU1,93,51.2431,-0.570125
GU2,93,51.2448,-0.593031
GU3,93,51.2469,-0.621357
GU4,93,51.243,-0.546696
GU5,93,51.2063,-0.522058
GU6,93,51.1408,-0.485177
GU7,160,51.1889,-0.610704
GU8,160,51.1522,-0.640003
GU9,160,51.2179,-0.79589
GU10,160,51.1984,-0.797372
GU11,160,51.2497,-0.762468
GU12,160,51.2519,-0.733381
GU13,160,51.2751,-0.838673
GU14,160,51.291,-0.76139
GU15,160,51.3355,-0.750571
GU16,160,51.3137,-0.73113
GU17,160,51.3366,-0.806558
GU18,160,51.3475,-0.663155
GU19,160,51.3592,-0.689695
GU20,160,51.3677,-0.657048
GU21,93,51.3199,-0.57738
GU22,93,51.3134,-0.553226
GU23,93,51.2977,-0.510989
GU24,93,51.3302,-0.625379
GU25,160,51.4014,-0.56965
GU26,160,51.1103,-0.746084
GU27,160,51.0836,-0.722299
GU28,160,50.9911,-0.62841
GU29,160,50.9845,-0.746567
GU30,160,51.0756,-0.803677
GU31,160,50.9977,-0.908561
GU32,160,51.0078,-0.961118
GU33,160,51.0478,-0.893685
GU34,160,51.1406,-0.984795
GU35,160,51.1167,-0.851357
GU47,160,51.3475,-0.79322
GU51,160,51.2852,-0.83987
GU52,160,51.266,-0.838264
HA0,39,51.5501,-0.304742
HA1,39,51.5814,-0.336167
HA2,39,51.5758,-0.354793
HA3,39,51.5915,-0.322946
HA4,39,51.5708,-0.410442
HA5,39,51.5947,-0.385877
HA6,39,51.61,-0.4206
HA7,39,51.6097,-0.306986
HA8,39,51.6116,-0.275249
HD1,163,53.6469,-1.78632
HD2,163,53.6669,-1.77674
HD3,163,53.6529,-1.83047
HD4,163,53.6272,-1.79734
HD5,163,53.6476,-1.74881
HD6,163,53.7017,-1.78281
HD7,163,53.599,-1.82939
HD8,163,53.6006,-1.67543
HD9,163,53.5792,-1.79581
HG1,11,53.9998,-1.53258
HG2,11,53.9877,-1.52805
HG3,11,54.0303,-1.6144
HG4,11,54.1539,-1.55933
HG5,11,54.0132,-1.45963
HP1,39,51.7549,-0.479757
HP2,39,51.7621,-0.454416
HP3,39,51.7373,-0.471666
HP4,39,51.7667,-0.567775
HP5,39,51.7131,-0.608571
HP6,39,51.6774,-0.601583
HP7,39,51.6663,-0.610423
HP8,160,51.6448,-0.576042
HP9,160,51.6104,-0.642031
HP10,160,51.6107,-0.710276
HP11,160,51.6253,-0.74649
HP12,160,51.6247,-0.778027
HP13,160,51.633,-0.741468
HP14,160,51.6487,-0.825819
HP15,160,51.6533,-0.717436
HP16,39,51.7024,-0.71786
HP17,39,51.7501,-0.8521
HP18,39,51.8167,-0.960694
HP19,39,51.8238,-0.826374
HP20,39,51.8197,-0.807425
HP21,39,51.8068,-0.806179
HP22,39,51.8006,-0.768713
HP23,39,51.7949,-0.662227
HP27,39,51.7218,-0.831128
HR1,48,52.0567,-2.68999
HR2,48,52.0136,-2.77826
HR3,48,52.0919,-3.06839
HR4,48,52.0848,-2.76103
HR5,48,52.1961,-3.02941
HR6,48,52.2317,-2.76862
HR7,48,52.1845,-2.52505
HR8,48,52.044,-2.44211
HR9,48,51.9084,-2.58151
HS1,0,58.2121,-6.38141
HS2,0,58.249,-6.45884
HS3,0,57.8827,-6.84886
HS4,0,57.8685,-6.68989
HS5,0,57.7971,-6.96624
HS6,0,57.6023,-7.29925
HS7,0,57.4506,-7.34408
HS8,0,57.231,-7.34635
HS9,0,56.967,-7.47858
HU1,163,53.743,-0.337013
HU2,163,53.7497,-0.337068
HU3,163,53.7413,-0.365441
HU4,163,53.7365,-0.399391
HU5,163,53.7595,-0.374532
HU6,163,53.7809,-0.368836
HU7,163,53.7888,-0.330322
HU8,163,53.7678,-0.304998
HU9,163,53.7536,-0.296267
HU10,163,53.7478,-0.44035
HU11,163,53.8305,-0.23709
HU12,163,53.724,-0.135378
HU13,163,53.7246,-0.437273
HU14,163,53.7275,-0.488478
HU15,163,53.7473,-0.619089
HU16,163,53.7813,-0.421713
HU17,163,53.846,-0.426183
HU18,163,53.9087,-0.170206
HU19,163,53.7233,0.0341309
HU20,163,53.7874,-0.502116
HX1,163,53.7217,-1.86789
HX2,163,53.7384,-1.90424
HX3,163,53.7264,-1.84588
HX4,163,53.6806,-1.8799
HX5,163,53.6865,-1.83614
HX6,163,53.6985,-1.92334
HX7,163,53.7393,-2.00903
IG1,66,51.5592,0.0727513
IG2,66,51.5733,0.07947
IG3,66,51.5625,0.0977794
IG4,66,51.5772,0.0549488
IG5,66,51.5859,0.0646923
IG6,66,51.5918,0.087039
IG7,66,51.6137,0.0874911
IG8,66,51.6111,0.0361003
IG9,66,51.6241,0.038901
IG10,66,51.6483,0.0653302
IG11,66,51.5349,0.0918052
IM1,13,54.1548,-4.48399
IM2,13,54.1721,-4.47897
IM3,13,54.2035,-4.4789
IM4,13,54.2056,-4.42316
IM5,13,54.2173,-4.69203
IM6,13,54.2708,-4.58148
IM7,13,54.3164,-4.5328
IM8,13,54.334,-4.38964
IM9,13,54.1133,-4.69514
IP1,39,52.0626,1.14233
IP2,39,52.0463,1.13446
IP3,39,52.0421,1.18507
IP4,39,52.0596,1.17576
IP5,39,52.0615,1.23886
IP6,39,52.1284,1.11218
IP7,39,52.0662,0.949678
IP8,39,52.0632,1.08305
IP9,39,51.9932,1.14765
IP10,39,52.0074,1.28299
IP11,39,51.9669,1.33413
IP12,39,52.0939,1.36423
IP13,39,52.1848,1.32077
IP14,39,52.2042,1.02863
IP15,39,52.1591,1.59453
IP16,39,52.2042,1.58389
IP17,39,52.2298,1.5013
IP18,39,52.3305,1.66873
IP19,39,52.3407,1.4946
IP20,39,52.406,1.31837
IP21,39,52.3655,1.22949
IP22,39,52.3779,1.0721
IP23,39,52.3136,1.12065
IP24,39,52.4191,0.756111
IP25,39,52.5781,0.834742
IP26,39,52.5057,0.576757
IP27,39,52.4298,0.5836
IP28,39,52.3282,0.536222
IP29,39,52.1955,0.66286
IP30,39,52.2121,0.835945
IP31,39,52.2895,0.825124
IP32,39,52.2535,0.71914
IP33,39,52.2432,0.712865
IV1,0,57.4789,-4.19933
IV2,0,57.4683,-4.19024
IV3,0,57.4633,-4.27177
IV4,0,57.4509,-4.52449
IV5,0,57.4682,-4.4111
IV6,0,57.5215,-4.46064
IV7,0,57.584,-4.3922
IV8,0,57.5548,-4.26509
IV9,0,57.5695,-4.17728
IV10,0,57.585,-4.12655
IV11,0,57.6776,-4.03864
IV12,0,57.5748,-3.86542
IV13,0,57.3454,-4.02658
IV14,0,57.5855,-4.54774
IV15,0,57.5985,-4.43108
IV16,0,57.6602,-4.34368
IV17,0,57.6986,-4.25568
IV18,0,57.7008,-4.15635
IV19,0,57.8045,-4.06089
IV20,0,57.7897,-3.91024
IV21,0,57.7244,-5.71805
IV22,0,57.7367,-5.5039
IV23,0,57.7721,-5.02566
IV24,0,57.8911,-4.35593
IV25,0,57.8885,-4.04071
IV26,0,57.9201,-5.18531
IV27,0,58.2713,-4.79543
IV28,0,58.008,-4.15799
IV30,0,57.6538,-3.32797
IV31,0,57.717,-3.29065
IV32,0,57.6314,-3.11395
IV36,0,57.6102,-3.60719
IV40,0,57.2833,-5.66466
IV41,0,57.2743,-5.73352
IV42,0,57.235,-5.83783
IV43,0,57.1496,-5.84605
IV44,0,57.1028,-5.88107
IV45,0,57.0725,-5.9041
IV46,0,57.1119,-5.98399
IV47,0,57.296,-6.34589
IV48,0,57.3111,-6.11279
IV49,0,57.2291,-5.94335
IV51,0,57.4847,-6.24984
IV52,0,57.3363,-5.65215
IV53,0,57.3442,-5.55497
IV54,0,57.4292,-5.61278
IV55,0,57.4569,-6.61
IV56,0,57.3705,-6.44058
IV63,0,57.318,-4.50993
KA1,1,55.5971,-4.49703
KA2,1,55.5967,-4.5613
KA3,1,55.6428,-4.49677
KA4,1,55.5994,-4.38474
KA5,1,55.5091,-4.38464
KA6,1,55.4177,-4.50911
KA7,1,55.4505,-4.6306
KA8,1,55.4715,-4.61376
KA9,1,55.4983,-4.60605
KA10,1,55.5495,-4.64999
KA11,1,55.6177,-4.62954
KA12,1,55.6179,-4.66588
KA13,1,55.6553,-4.7001
KA14,1,55.7405,-4.67145
KA15,1,55.7484,-4.62695
KA16,1,55.6071,-4.33395
KA17,1,55.6103,-4.29407
KA18,1,55.4508,-4.24222
KA19,1,55.3464,-4.66995
KA20,1,55.6407,-4.75329
KA21,1,55.6412,-4.78477
KA22,1,55.6487,-4.80762
KA23,1,55.6891,-4.85306
KA24,1,55.7095,-4.71627
KA25,1,55.7521,-4.68917
KA26,1,55.2202,-4.83605
KA27,0,55.5409,-5.16953
KA28,1,55.7544,-4.92466
KA29,1,55.7565,-4.85432
KA30,1,55.7967,-4.8638
KT1,93,51.4071,-0.2976
KT2,93,51.4161,-0.291048
KT3,66,51.3997,-0.25679
KT4,93,51.3787,-0.243106
KT5,93,51.3928,-0.287889
KT6,93,51.3897,-0.30062
KT7,93,51.3902,-0.3287
KT8,93,51.4016,-0.366901
KT9,93,51.3648,-0.303175
KT10,93,51.3711,-0.35722
KT11,93,51.3282,-0.404745
KT12,93,51.3774,-0.408753
KT13,93,51.3692,-0.451468
KT14,93,51.3402,-0.486362
KT15,93,51.3651,-0.494535
KT16,93,51.3842,-0.513924
KT16,93,51.3842,-0.513924
KT17,93,51.3398,-0.253087
KT18,93,51.319,-0.263672
KT19,93,51.3501,-0.269361
KT20,93,51.2871,-0.231882
KT21,93,51.3109,-0.302933
KT22,93,51.3006,-0.337642
KT23,93,51.2819,-0.370957
KT24,93,51.2692,-0.43003
KW1,0,58.4559,-3.11867
KW2,0,58.3483,-3.16449
KW3,0,58.3062,-3.28231
KW5,0,58.2841,-3.38707
KW6,0,58.2503,-3.444
KW7,0,58.1868,-3.50175
KW8,0,58.1149,-3.66695
KW9,0,58.0136,-3.859
KW10,0,57.9742,-3.978
KW11,0,58.308,-4.13621
KW12,0,58.5069,-3.49287
KW13,0,58.457,-3.89702
KW14,0,58.5887,-3.55538
KW15,0,58.9805,-2.95973
KW16,0,58.9589,-3.27587
KW16,0,58.9589,-3.27587
KW17,0,59.0302,-3.00755
KY1,1,56.1267,-3.14122
KY2,1,56.1225,-3.18299
KY3,1,56.0631,-3.23186
KY4,1,56.1139,-3.36181
KY5,1,56.1445,-3.29559
KY6,1,56.1966,-3.19659
KY7,1,56.2106,-3.15504
KY8,1,56.1971,-3.01248
KY9,1,56.2089,-2.83712
KY10,1,56.2302,-2.69993
KY11,1,56.0495,-3.4122
KY12,1,56.0759,-3.4883
KY13,0,56.208,-3.43149
KY14,1,56.311,-3.23251
KY15,1,56.3009,-3.05093
KY16,1,56.3416,-2.81944
L1,34,53.4025,-2.98031
L2,34,53.4068,-2.99014
L3,34,53.4089,-2.98552
L4,34,53.4378,-2.96205
L5,34,53.4248,-2.97763
L6,34,53.4186,-2.95332
L7,34,53.4055,-2.9504
L8,34,53.3901,-2.964
L9,34,53.4613,-2.9523
L10,34,53.4737,-2.92813
L11,34,53.4473,-2.91466
L12,34,53.4346,-2.89677
L13,34,53.4151,-2.92161
L14,34,53.4192,-2.88178
L15,34,53.3973,-2.92265
L16,34,53.3982,-2.89205
L17,34,53.3786,-2.94221
L18,34,53.3805,-2.90943
L19,34,53.3581,-2.90312
L20,34,53.4523,-2.99007
L21,34,53.4707,-3.00041
L22,34,53.4767,-3.02746
L23,34,53.4892,-3.02438
L24,34,53.3444,-2.84301
L25,34,53.379,-2.86392
L26,34,53.3656,-2.8363
L27,34,53.388,-2.84023
L28,34,53.4352,-2.8665
L29,34,53.5053,-2.98794
L30,34,53.482,-2.9718
L31,34,53.5134,-2.93858
L32,34,53.4786,-2.88935
L33,34,53.4888,-2.87608
L34,34,53.4353,-2.81515
L35,34,53.4165,-2.78511
L36,34,53.4142,-2.84155
L37,34,53.557,-3.06379
L38,34,53.5282,-3.05281
L39,13,53.563,-2.89333
L40,13,53.599,-2.84644
LA1,13,54.0469,-2.8002
LA2,13,54.0661,-2.67502
LA3,13,54.052,-2.878
LA4,13,54.0704,-2.85461
LA5,13,54.1431,-2.78996
LA6,13,54.1746,-2.6162
LA7,13,54.226,-2.77315
LA8,13,54.3237,-2.76109
LA9,13,54.3262,-2.74397
LA10,13,54.3148,-2.49746
LA11,13,54.1995,-2.92409
LA12,13,54.2025,-3.08416
LA13,13,54.1183,-3.19923
LA14,13,54.1178,-3.2306
LA15,13,54.1558,-3.17969
LA16,13,54.1847,-3.2026
LA17,13,54.2399,-3.17561
LA18,13,54.2152,-3.27547
LA20,13,54.293,-3.20668
LA21,13,54.3646,-3.07158
LA22,13,54.4209,-2.98479
LA23,13,54.3726,-2.91266
LD1,197,52.258,-3.36772
LD2,197,52.1434,-3.39498
LD3,197,51.9581,-3.37427
LD4,197,52.1176,-3.55767
LD5,197,52.1272,-3.61516
LD6,197,52.3086,-3.50961
LD7,197,52.3495,-3.0881
LD8,197,52.2668,-3.05046
LE1,188,52.6335,-1.13214
LE2,188,52.6112,-1.11799
LE3,188,52.6269,-1.18153
LE4,188,52.6627,-1.12253
LE5,188,52.6368,-1.0934
LE6,188,52.7137,-1.36378
LE7,188,52.6853,-1.07081
LE8,188,52.5643,-1.1074
LE9,188,52.572,-1.27093
LE10,188,52.5374,-1.3704
LE11,188,52.7704,-1.22055
LE12,188,52.7684,-1.19236
LE13,188,52.7666,-0.883846
LE14,188,52.7826,-0.895268
LE15,188,52.6593,-0.706515
LE16,188,52.4853,-0.898798
LE17,188,52.4676,-1.18172
LE18,188,52.5834,-1.11158
LE19,188,52.5858,-1.21304
LE65,188,52.7485,-1.46988
LE67,188,52.7161,-1.36285
LL11,34,53.0591,-3.02719
LL12,34,53.0859,-2.99031
LL13,34,53.0363,-2.96358
LL14,34,52.9924,-3.05254
LL15,34,53.1052,-3.31537
LL16,34,53.1852,-3.43087
LL17,34,53.2554,-3.43874
LL18,34,53.3118,-3.4777
LL19,34,53.3314,-3.4108
LL20,34,52.961,-3.16228
LL21,34,52.9888,-3.40829
LL22,34,53.2717,-3.5913
LL23,34,52.9058,-3.60231
LL24,34,53.0604,-3.78669
LL25,34,53.0549,-3.8778
LL26,34,53.1392,-3.78735
LL27,34,53.1482,-3.82715
LL28,34,53.2891,-3.75901
LL29,34,53.2908,-3.7126
LL30,34,53.3173,-3.81793
LL31,34,53.2912,-3.81084
LL32,34,53.2615,-3.83994
LL33,34,53.2499,-3.98367
LL34,34,53.2714,-3.91332
LL35,34,52.5473,-4.0408
LL36,34,52.6031,-4.06593
LL37,34,52.671,-4.07059
LL38,34,52.6989,-4.03762
LL39,34,52.7128,-4.0007
LL40,34,52.7553,-3.87667
LL41,34,52.9701,-3.93882
LL42,34,52.7262,-4.0538
LL43,34,52.7746,-4.09223
LL44,34,52.7874,-4.09533
LL45,34,52.8202,-4.0971
LL46,34,52.8563,-4.10772
LL47,34,52.902,-4.06252
LL48,34,52.9353,-4.07115
LL49,34,52.9288,-4.13846
LL51,34,52.9729,-4.23712
LL52,34,52.9248,-4.23743
LL53,34,52.8844,-4.48793
LL54,34,53.0605,-4.28592
LL55,34,53.1338,-4.21119
LL56,34,53.1877,-4.20005
LL57,34,53.2098,-4.11625
LL58,34,53.2792,-4.10084
LL59,34,53.2346,-4.16115
LL61,34,53.197,-4.25904
LL62,34,53.2112,-4.38599
LL63,34,53.2195,-4.47057
LL64,34,53.2291,-4.51476
LL65,34,53.301,-4.57519
LL67,34,53.4112,-4.45628
LL68,34,53.3986,-4.37518
LL68,34,53.3986,-4.37518
LL69,34,53.3862,-4.31946
LL70,34,53.3639,-4.28778
LL71,34,53.3271,-4.36886
LL72,34,53.344,-4.24589
LL73,34,53.3352,-4.24491
LL74,34,53.3149,-4.23428
LL75,34,53.2834,-4.22096
LL76,34,53.3009,-4.23934
LL77,34,53.2594,-4.31282
LL78,34,53.3173,-4.26333
LN1,163,53.2562,-0.584819
LN2,188,53.2592,-0.511003
LN3,163,53.2808,-0.339013
LN4,188,53.1532,-0.390622
LN5,188,53.1874,-0.553122
LN6,188,53.2028,-0.596755
LN7,163,53.4893,-0.340497
LN8,163,53.3756,-0.329242
LN9,188,53.216,-0.111771
LN10,188,53.1577,-0.215942
LN11,163,53.3723,0.0224422
LN12,188,53.3296,0.262858
LN13,188,53.2648,0.18283
LS1,163,53.7974,-1.55296
LS2,163,53.8014,-1.54747
LS3,163,53.8015,-1.56317
LS4,163,53.8085,-1.58278
LS5,163,53.8181,-1.60238
LS6,163,53.8185,-1.56638
LS7,163,53.8177,-1.54049
LS8,163,53.8217,-1.51234
LS9,163,53.7988,-1.51179
LS10,163,53.7653,-1.53174
LS11,163,53.7781,-1.55676
LS12,163,53.7914,-1.59529
LS13,163,53.8111,-1.63492
LS14,163,53.827,-1.45831
LS15,163,53.8067,-1.44629
LS16,163,53.8505,-1.60423
LS17,163,53.8583,-1.52906
LS18,163,53.8409,-1.64457
LS19,163,53.8607,-1.68583
LS20,163,53.8733,-1.71372
LS21,163,53.9102,-1.68282
LS22,163,53.9316,-1.39273
LS23,163,53.9066,-1.35297
LS24,163,53.8714,-1.25499
LS25,163,53.7862,-1.32574
LS26,163,53.7565,-1.44358
LS27,163,53.7491,-1.60487
LS28,163,53.8016,-1.66916
LS29,163,53.9197,-1.80456
LU1,39,51.8764,-0.424698
LU2,39,51.8908,-0.397853
LU3,39,51.9067,-0.443357
LU4,39,51.8985,-0.465242
LU5,39,51.9074,-0.515015
LU6,39,51.8809,-0.532787
LU7,39,51.9109,-0.661888
M1,13,53.4777,-2.23681
M2,13,53.4803,-2.24466
M3,13,53.4835,-2.25218
M4,13,53.4848,-2.23073
M5,13,53.4797,-2.28576
M6,13,53.4915,-2.29595
M7,13,53.5042,-2.26161
M8,13,53.509,-2.24087
M9,13,53.5216,-2.21439
M11,13,53.4784,-2.18328
M12,13,53.4656,-2.20559
M13,13,53.4622,-2.21715
M14,13,53.4469,-2.22506
M15,13,53.4661,-2.2524
M16,13,53.4559,-2.26509
M17,13,53.4692,-2.31595
M19,13,53.4377,-2.19552
M20,13,53.4251,-2.23169
M21,13,53.4388,-2.2734
M22,13,53.3849,-2.26126
M23,13,53.3971,-2.28658
M24,13,53.5522,-2.1988
M25,13,53.5333,-2.27995
M26,13,53.5621,-2.33397
M27,13,53.5122,-2.33812
M28,13,53.5165,-2.3983
M29,13,53.515,-2.47038
M30,13,53.4758,-2.36769
M31,13,53.4432,-2.3804
M32,13,53.4501,-2.30846
M33,13,53.4226,-2.32491
M34,13,53.4548,-2.11604
M35,13,53.4977,-2.15259
M38,13,53.5298,-2.42025
M40,13,53.5028,-2.19378
M41,13,53.4512,-2.36277
M43,13,53.4832,-2.14913
M44,13,53.4407,-2.42713
M45,13,53.5448,-2.2898
M46,13,53.5255,-2.49221
M50,13,53.4767,-2.28995
M60,13,53.4847,-2.23313
M61,13,53.4862,-2.22969
M90,34,53.3638,-2.2755
ME1,93,51.3756,0.499833
ME2,93,51.3913,0.484711
ME3,93,51.4314,0.546458
ME4,93,51.3811,0.52781
ME5,93,51.3521,0.53159
ME6,93,51.3244,0.438935
ME7,93,51.3804,0.554806
ME8,93,51.3621,0.594893
ME9,93,51.3359,0.723533
ME10,93,51.3427,0.735447
ME11,93,51.4136,0.748335
ME12,93,51.4246,0.798817
ME13,93,51.3051,0.89458
ME14,93,51.2763,0.538147
ME15,93,51.255,0.532801
ME16,93,51.2734,0.499052
ME17,93,51.2366,0.60344
ME18,93,51.2444,0.423006
ME19,93,51.2937,0.411214
ME20,93,51.3059,0.458994
MK1,188,52.0071,-0.727508
MK2,188,51.9919,-0.725563
MK3,188,51.9955,-0.750157
MK4,188,52.0049,-0.776856
MK5,188,52.0195,-0.776976
MK6,188,52.0292,-0.739294
MK7,188,52.0206,-0.69259
MK8,188,52.036,-0.808193
MK9,188,52.0393,-0.750838
MK10,188,52.0375,-0.695682
MK11,188,52.05,-0.835668
MK12,188,52.057,-0.817944
MK13,188,52.0522,-0.789563
MK14,188,52.0596,-0.76879
MK15,188,52.0558,-0.726419
MK16,188,52.0883,-0.72123
MK17,188,51.9984,-0.69951
MK18,188,51.9805,-0.970814
MK19,188,52.0712,-0.851677
MK40,39,52.1373,-0.474435
MK41,39,52.1504,-0.450558
MK42,39,52.1195,-0.473907
MK43,39,52.1167,-0.550542
MK44,39,52.1882,-0.430305
MK45,39,52.0297,-0.47271
MK46,188,52.1528,-0.695998
ML1,1,55.7975,-3.97722
ML2,1,55.7767,-3.91541
ML3,1,55.7711,-4.0529
ML4,1,55.8187,-4.02138
ML5,1,55.8596,-4.0307
ML6,1,55.8677,-3.96315
ML7,1,55.8298,-3.79591
ML8,1,55.7279,-3.83798
ML9,1,55.7256,-3.96834
ML10,1,55.6847,-4.06187
ML11,1,55.6663,-3.78868
ML12,1,55.573,-3.5889
N1,66,51.5376,-0.0982358
N1C,66,51.5363,-0.125646
N1P,66,51.539,-0.103398
N2,39,51.5903,-0.168643
N3,39,51.6004,-0.194108
N4,39,51.5709,-0.104234
N5,66,51.5538,-0.0985869
N6,39,51.5715,-0.140836
N7,66,51.5538,-0.118032
N8,39,51.5824,-0.120121
N9,39,51.6278,-0.0588034
N10,39,51.5939,-0.144259
N11,39,51.614,-0.138021
N12,39,51.6153,-0.178447
N13,39,51.621,-0.103679
N14,39,51.6333,-0.129996
N15,39,51.5808,-0.0856666
N16,66,51.5643,-0.0768045
N17,39,51.5975,-0.0711753
N18,39,51.6137,-0.0647985
N19,66,51.5654,-0.12828
N20,39,51.6296,-0.174771
N21,39,51.6355,-0.0996216
N22,39,51.6,-0.114085
NE1,11,54.9725,-1.61304
NE2,11,54.9862,-1.60644
NE3,11,55.0098,-1.63358
NE4,11,54.9728,-1.64378
NE5,11,54.9954,-1.68851
NE6,11,54.9772,-1.56741
NE7,11,54.9973,-1.57968
NE8,11,54.9563,-1.60507
NE9,11,54.9316,-1.58769
NE10,11,54.9484,-1.55698
NE11,11,54.9401,-1.63176
NE12,11,55.0256,-1.56998
NE13,11,55.0421,-1.64729
NE15,11,54.9832,-1.71897
NE16,11,54.935,-1.69336
NE17,11,54.9158,-1.81885
NE18,11,55.0384,-1.86061
NE19,11,55.1796,-2.09537
NE20,11,55.052,-1.77871
NE21,11,54.9588,-1.71974
NE22,11,55.1373,-1.58373
NE23,11,55.0837,-1.58459
NE24,11,55.1228,-1.52136
NE25,11,55.0491,-1.48848
NE26,11,55.0476,-1.46087
NE27,11,55.0309,-1.51178
NE28,11,55.0007,-1.51883
NE29,11,55.0118,-1.46936
NE30,11,55.0198,-1.44287
NE31,11,54.9717,-1.51255
NE32,11,54.9697,-1.48441
NE33,11,54.9921,-1.43124
NE34,11,54.9728,-1.42322
NE35,11,54.9529,-1.46283
NE36,11,54.9471,-1.44282
NE37,11,54.9114,-1.52839
NE38,11,54.8951,-1.5258
NE39,11,54.9257,-1.75796
NE40,11,54.9661,-1.77042
NE41,11,54.9756,-1.82163
NE42,11,54.9624,-1.85407
NE43,11,54.9494,-1.90195
NE44,11,54.9439,-1.98042
NE45,11,54.9765,-2.01857
NE46,11,54.9779,-2.10447
NE47,11,54.9301,-2.24747
NE48,11,55.1321,-2.26744
NE49,11,54.9665,-2.46085
NE61,11,55.1776,-1.68676
NE62,11,55.1613,-1.59284
NE63,11,55.1774,-1.56201
NE64,11,55.184,-1.51665
NE65,11,55.3108,-1.74208
NE66,11,55.4267,-1.72688
NE67,11,55.5344,-1.69401
NE68,11,55.5722,-1.66056
NE69,11,55.605,-1.71883
NE70,11,55.592,-1.81616
NE71,11,55.5527,-2.04088
NG1,188,52.9546,-1.14767
NG2,188,52.9371,-1.13682
NG3,188,52.9678,-1.13029
NG4,188,52.9709,-1.08696
NG5,188,52.9969,-1.1435
NG6,188,52.9972,-1.19161
NG7,188,52.9584,-1.17834
NG8,188,52.9637,-1.21466
NG9,188,52.9263,-1.23315
NG10,188,52.8999,-1.2822
NG11,188,52.9,-1.17425
NG12,188,52.9105,-1.05965
NG13,188,52.9478,-0.92928
NG14,188,53.0134,-1.04155
NG15,188,53.0452,-1.20278
NG16,188,53.0266,-1.29826
NG17,188,53.1159,-1.26117
NG18,188,53.1408,-1.18591
NG19,188,53.1601,-1.19797
NG20,188,53.2083,-1.18529
NG21,188,53.1418,-1.10801
NG22,188,53.1772,-0.969915
NG23,188,53.1136,-0.80117
NG24,188,53.0709,-0.80202
NG25,188,53.0741,-0.950887
NG31,188,52.9133,-0.641525
NG32,188,52.9469,-0.651329
NG33,188,52.8211,-0.584245
NG34,188,52.9877,-0.395398
NN1,188,52.2415,-0.891088
NN2,188,52.2595,-0.885334
NN3,188,52.2625,-0.843966
NN4,188,52.2213,-0.897732
NN5,188,52.2457,-0.931206
NN6,188,52.3205,-0.946406
NN7,188,52.2149,-0.9195
NN8,188,52.2977,-0.692628
NN9,188,52.3123,-0.616069
NN10,188,52.293,-0.599105
NN11,188,52.2438,-1.17434
NN12,188,52.1278,-0.996071
NN13,188,52.0326,-1.1474
NN14,188,52.4112,-0.706386
NN15,188,52.384,-0.705951
NN16,188,52.4034,-0.704319
NN17,188,52.4999,-0.683903
NN18,188,52.4792,-0.710449
NN29,188,52.2627,-0.665386
NP4,197,51.6931,-3.03958
NP7,197,51.8284,-3.0122
NP8,197,51.8576,-3.14115
NP10,197,51.5801,-3.04309
NP11,197,51.6442,-3.1317
NP12,197,51.6687,-3.19769
NP13,197,51.7353,-3.14108
NP15,197,51.7233,-2.88922
NP16,197,51.649,-2.68704
NP18,197,51.6049,-2.94286
NP19,197,51.587,-2.96253
NP20,197,51.5902,-3.00457
NP22,197,51.7712,-3.25768
NP23,197,51.7846,-3.1979
NP24,197,51.7214,-3.23861
NP25,197,51.8042,-2.72296
NP26,197,51.5905,-2.7757
NP44,197,51.6513,-3.02759
NW1,66,51.5323,-0.142802
NW2,39,51.5593,-0.218451
NW3,66,51.5526,-0.173183
NW4,39,51.5874,-0.223782
NW5,66,51.5516,-0.144626
NW6,66,51.5403,-0.195621
NW7,39,51.6151,-0.236701
NW8,66,51.5317,-0.174509
NW9,39,51.5865,-0.253919
NW10,66,51.5392,-0.248872
NW11,39,51.5787,-0.198406
OL1,13,53.5469,-2.10623
OL2,13,53.5713,-2.10945
OL3,13,53.5526,-2.01142
OL4,13,53.5424,-2.07582
OL5,13,53.5167,-2.0408
OL6,13,53.4926,-2.08847
OL7,13,53.4894,-2.1062
OL8,13,53.5271,-2.11724
OL9,13,53.5389,-2.14171
OL10,13,53.5904,-2.22274
OL11,13,53.6063,-2.17405
OL12,13,53.6344,-2.16537
OL13,13,53.7008,-2.20423
OL14,163,53.7143,-2.10082
OL15,163,53.6436,-2.10269
OL16,13,53.6133,-2.13839
OX1,160,51.7469,-1.26224
OX2,160,51.7631,-1.27752
OX3,160,51.7603,-1.21553
OX4,160,51.7287,-1.21428
OX5,160,51.8607,-1.29359
OX7,160,51.8984,-1.49473
OX9,160,51.7028,-1.04079
OX10,160,51.6058,-1.12951
OX11,160,51.6,-1.2503
OX12,160,51.5953,-1.42545
OX13,160,51.6769,-1.34917
OX14,160,51.6677,-1.2785
OX15,48,52.033,-1.40294
OX16,48,52.0636,-1.33891
OX17,188,52.0724,-1.29233
OX18,160,51.7623,-1.59254
OX20,160,51.8547,-1.35721
OX25,160,51.9003,-1.20735
OX26,160,51.9013,-1.15108
OX27,160,51.9341,-1.15005
OX28,160,51.7845,-1.48574
OX29,160,51.7932,-1.43871
OX33,160,51.7567,-1.14369
OX39,39,51.7037,-0.917245
OX44,160,51.7009,-1.13516
OX49,160,51.6493,-1.00174
PA1,1,55.8449,-4.4199
PA2,1,55.8296,-4.43491
PA3,1,55.8514,-4.44405
PA4,1,55.8753,-4.39584
PA5,1,55.8315,-4.50992
PA6,1,55.863,-4.53445
PA7,1,55.9074,-4.50124
PA8,1,55.9014,-4.45366
PA9,1,55.8112,-4.55029
PA10,1,55.8329,-4.5495
PA11,1,55.8572,-4.58401
PA12,1,55.7968,-4.61905
PA13,1,55.8901,-4.62624
PA14,1,55.9283,-4.66699
PA15,1,55.9428,-4.74721
PA16,1,55.9427,-4.79805
PA17,1,55.8691,-4.87471
PA18,1,55.8914,-4.88011
PA19,1,55.9524,-4.8213
PA20,0,55.8343,-5.05699
PA21,0,55.9025,-5.25167
PA22,0,55.9702,-5.12229
PA23,0,55.954,-4.9332
PA24,0,56.1548,-4.90414
PA25,0,56.214,-5.04377
PA26,0,56.2588,-4.93707
PA27,0,56.1479,-5.07721
PA28,0,55.4339,-5.60567
PA29,0,55.806,-5.47473
PA30,0,56.0135,-5.44951
PA31,0,56.0517,-5.45698
PA33,0,56.3745,-5.04441
PA34,0,56.4013,-5.49839
PA34,0,56.4013,-5.49839
PA36,0,56.52,-4.773
PA37,0,56.4641,-5.39432
PA38,0,56.5953,-5.33231
PA39,0,56.6733,-5.10653
PA40,0,56.7139,-4.96469
PA41,0,55.675,-5.74237
PA42,0,55.6389,-6.18781
PA43,0,55.7558,-6.28464
PA44,0,55.7977,-6.28834
PA44,0,55.7977,-6.28834
PA45,0,55.8196,-6.16685
PA46,0,55.8612,-6.11947
PA47,0,55.682,-6.50405
PA48,0,55.7387,-6.38451
PA49,0,55.7799,-6.38999
PA60,0,55.8785,-5.91818
PA61,0,56.0722,-6.20463
PA62,0,56.3593,-5.85149
PA63,0,56.3818,-5.71584
PA64,0,56.4465,-5.69109
PA65,0,56.4691,-5.7253
PA66,0,56.3274,-6.33966
PA67,0,56.3142,-6.23137
PA68,0,56.4346,-6.14265
PA69,0,56.3794,-6.07782
PA70,0,56.3652,-6.02689
PA71,0,56.4807,-5.9815
PA72,0,56.5187,-5.9676
PA73,0,56.4966,-6.18362
PA74,0,56.533,-6.22975
PA75,0,56.6141,-6.10853
PA76,0,56.3335,-6.39495
PA77,0,56.4952,-6.8784
PA78,0,56.6264,-6.54584
PA80,0,56.8042,-6.79196
PE1,39,52.5909,-0.248162
PE2,39,52.5674,-0.27381
PE3,39,52.5863,-0.277347
PE4,39,52.6121,-0.265375
PE5,39,52.578,-0.345824
PE6,188,52.6545,-0.257666
PE7,39,52.5396,-0.204611
PE8,188,52.5266,-0.44188
PE9,188,52.6538,-0.478495
PE10,188,52.7738,-0.377767
PE11,188,52.8059,-0.163918
PE12,188,52.7859,0.0185736
PE13,39,52.669,0.139736
PE14,39,52.639,0.201516
PE15,39,52.5388,0.0859084
PE16,39,52.4547,0.0492676
PE19,39,52.2367,-0.263513
PE20,188,52.9329,-0.101839
PE21,188,52.9748,-0.0235759
PE22,188,53.0474,0.0419223
PE23,188,53.1726,0.0906339
PE24,188,53.1645,0.268166
PE25,188,53.1522,0.33461
PE26,39,52.453,-0.115036
PE27,39,52.3308,-0.075611
PE28,39,52.3578,-0.189929
PE29,39,52.3345,-0.181006
PE30,39,52.7588,0.413453
PE31,39,52.8754,0.564249
PE32,39,52.7292,0.622266
PE33,39,52.6517,0.461965
PE34,39,52.7269,0.342662
PE35,39,52.8275,0.510442
PE36,39,52.9381,0.505748
PE37,39,52.6437,0.692912
PE38,39,52.5917,0.376099
PO1,160,50.7993,-1.08994
PO2,160,50.816,-1.0788
PO3,160,50.8151,-1.06155
PO4,160,50.7909,-1.06435
PO5,160,50.7897,-1.0866
PO6,160,50.8462,-1.06969
PO7,160,50.8844,-1.04205
PO8,160,50.9109,-1.01462
PO9,160,50.8621,-0.982929
PO10,160,50.8515,-0.930674
PO11,160,50.7915,-0.977319
PO12,160,50.7987,-1.14278
PO13,160,50.8116,-1.17907
PO14,160,50.8397,-1.21231
PO15,160,50.8635,-1.22143
PO16,160,50.8505,-1.16213
PO17,160,50.8878,-1.174
PO18,160,50.8621,-0.813011
PO19,160,50.8368,-0.777475
PO20,160,50.7951,-0.771818
PO21,160,50.7848,-0.693569
PO22,160,50.7989,-0.649641
PO30,160,50.6934,-1.31008
PO31,160,50.7524,-1.3062
PO32,160,50.7497,-1.28158
PO33,160,50.7213,-1.16873
PO34,160,50.7161,-1.11404
PO35,160,50.6878,-1.08867
PO36,160,50.658,-1.16255
PO37,160,50.6327,-1.17809
PO38,160,50.6035,-1.23837
PO39,160,50.6806,-1.53945
PO40,160,50.6827,-1.52228
PO41,160,50.6998,-1.47809
PR1,13,53.7579,-2.70186
PR2,13,53.7755,-2.70548
PR3,13,53.8676,-2.71777
PR4,13,53.7529,-2.83166
PR5,13,53.7132,-2.68125
PR6,13,53.6646,-2.61449
PR7,13,53.6487,-2.65279
PR8,34,53.6276,-3.00541
PR9,34,53.657,-2.97189
PR25,13,53.6954,-2.6955
PR26,13,53.6887,-2.73786
RG1,160,51.4516,-0.970848
RG2,160,51.4247,-0.955875
RG4,160,51.478,-0.965359
RG5,160,51.4529,-0.907132
RG6,160,51.4424,-0.933468
RG7,160,51.3974,-1.08162
RG8,160,51.5053,-1.10693
RG9,160,51.5426,-0.920392
RG10,160,51.48,-0.867396
RG11,160,51.3986,-0.839517
RG12,160,51.4119,-0.752729
RG13,160,51.4054,-1.28932
RG14,160,51.3983,-1.32134
RG15,160,51.3576,-1.34484
RG16,160,51.4711,-1.36218
RG17,160,51.4378,-1.49831
RG18,160,51.431,-1.24755
RG19,160,51.3964,-1.22569
RG20,160,51.4031,-1.33484
RG21,160,51.2668,-1.09051
RG22,160,51.2522,-1.12289
RG23,160,51.26,-1.14698
RG24,160,51.2798,-1.07855
RG25,160,51.2358,-1.08526
RG26,160,51.3481,-1.12813
RG27,160,51.3059,-0.948683
RG28,160,51.2349,-1.32918
RG30,160,51.4532,-1.00944
RG31,160,51.4566,-1.03994
RG40,160,51.4026,-0.835812
RG41,160,51.4158,-0.857411
RG42,160,51.4248,-0.760047
RG45,160,51.3785,-0.802737
RH1,93,51.2379,-0.159122
RH2,93,51.2366,-0.203276
RH3,93,51.2327,-0.284631
RH4,93,51.2307,-0.333891
RH5,93,51.196,-0.342292
RH6,93,51.1714,-0.165265
RH7,93,51.1744,-0.0183214
RH8,93,51.2527,-0.000162144
RH9,93,51.2369,-0.0766436
RH10,93,51.1194,-0.164565
RH11,93,51.1123,-0.204855
RH12,93,51.0747,-0.329554
RH13,93,51.0384,-0.333019
RH14,160,51.0314,-0.479649
RH15,93,50.9567,-0.135812
RH16,93,51.0029,-0.0998604
RH17,93,51.0201,-0.118664
RH18,93,51.1008,0.0251178
RH19,93,51.1258,-0.0135028
RH20,93,50.9374,-0.471748
RM1,39,51.5802,0.182049
RM2,39,51.5825,0.199326
RM3,39,51.6021,0.224256
RM4,39,51.6331,0.161663
RM5,39,51.5981,0.165324
RM6,39,51.575,0.133657
RM7,39,51.5733,0.169609
RM8,39,51.5572,0.130811
RM9,39,51.5439,0.136543
RM10,39,51.5456,0.15656
RM11,39,51.5696,0.218007
RM12,39,51.5547,0.208819
RM13,39,51.5236,0.1919
RM14,39,51.5562,0.261068
RM15,39,51.509,0.276945
RM16,39,51.4888,0.320301
RM17,39,51.4796,0.32604
RM18,39,51.4676,0.370354
RM19,39,51.4825,0.252305
RM20,39,51.4788,0.28677
S1,163,53.3806,-1.46948
S2,163,53.3715,-1.45082
S3,163,53.3868,-1.47304
S4,163,53.3977,-1.4515
S5,163,53.4223,-1.4622
S6,163,53.4024,-1.50934
S7,163,53.3547,-1.4899
S8,163,53.3428,-1.47937
S9,163,53.3968,-1.421
S10,163,53.3771,-1.51689
S11,163,53.3607,-1.50807
S12,163,53.3498,-1.40904
S13,163,53.3648,-1.38449
S14,163,53.3471,-1.44489
S17,163,53.3226,-1.52606
S18,163,53.2995,-1.47314
S20,163,53.3342,-1.34969
S21,163,53.3131,-1.33993
S25,163,53.3676,-1.21987
S26,163,53.3553,-1.28747
S33,163,53.3432,-1.73336
S35,163,53.4581,-1.49522
S36,163,53.5052,-1.61615
S40,188,53.2346,-1.44349
S41,188,53.2466,-1.42899
S42,188,53.2017,-1.42302
S43,188,53.2684,-1.34005
S44,188,53.2257,-1.31259
S45,188,53.1675,-1.42149
S60,163,53.4168,-1.35255
S61,163,53.443,-1.39291
S62,163,53.4662,-1.34522
S63,163,53.5171,-1.32991
S64,163,53.4913,-1.29984
S65,163,53.4361,-1.32182
S66,163,53.4213,-1.2515
S70,163,53.5437,-1.47662
S71,163,53.5733,-1.45737
S72,163,53.5776,-1.39437
S73,163,53.5243,-1.39561
S74,163,53.5018,-1.44055
S75,163,53.5618,-1.51902
S80,163,53.295,-1.14667
S81,163,53.3367,-1.12388
SA1,197,51.6292,-3.93865
SA2,197,51.6216,-3.99103
SA3,197,51.5819,-4.04223
SA4,197,51.6761,-4.04279
SA5,197,51.6487,-3.96907
SA6,197,51.6748,-3.92146
SA7,197,51.6632,-3.89399
SA8,197,51.7216,-3.84716
SA9,197,51.7808,-3.77069
SA10,197,51.6861,-3.8013
SA11,197,51.6738,-3.76637
SA12,197,51.6074,-3.7949
SA13,197,51.6043,-3.73718
SA14,197,51.7317,-4.10925
SA15,197,51.6969,-4.16736
SA16,197,51.689,-4.25426
SA17,197,51.7552,-4.28585
SA18,197,51.7975,-3.96293
SA19,197,51.9488,-3.95117
SA20,197,52.0096,-3.78835
SA31,197,51.8561,-4.30913
SA32,197,51.8873,-4.17205
SA33,197,51.8493,-4.43349
SA34,197,51.8509,-4.61832
SA35,197,51.9737,-4.56073
SA36,197,51.9578,-4.60869
SA37,197,52.018,-4.59477
SA38,197,52.0415,-4.4701
SA39,197,52.0205,-4.24858
SA40,197,52.0851,-4.16959
SA41,197,51.9981,-4.70406
SA42,197,52.0156,-4.8529
SA43,197,52.0867,-4.63216
SA44,197,52.0834,-4.36959
SA45,197,52.2057,-4.35814
SA46,197,52.2297,-4.24514
SA47,197,52.1907,-4.29661
SA48,197,52.1424,-4.11106
SA61,197,51.7992,-4.97433
SA62,197,51.8391,-5.06001
SA63,197,51.8705,-4.86201
SA63,197,51.8705,-4.86201
SA64,197,52.0019,-5.01089
SA66,197,51.8774,-4.7448
SA67,197,51.7851,-4.73392
SA68,197,51.731,-4.76429
SA69,197,51.7096,-4.70675
SA70,197,51.6721,-4.73441
SA71,197,51.6695,-4.93329
SA72,197,51.692,-4.93714
SA73,197,51.7177,-5.01564
SE1,66,51.4982,-0.0903179
SE2,66,51.4911,0.114394
SE3,66,51.4686,0.0175884
SE4,66,51.4617,-0.0354231
SE5,66,51.4741,-0.092906
SE6,66,51.4386,-0.0175737
SE7,66,51.4852,0.0317879
SE8,66,51.4817,-0.0288906
SE9,66,51.4461,0.054583
SE10,66,51.4842,0.000924504
SE11,66,51.4895,-0.109043
SE12,66,51.4461,0.0261839
SE13,66,51.4593,-0.010481
SE14,66,51.4755,-0.0431201
SE15,66,51.4727,-0.0670742
SE16,66,51.4965,-0.0549689
SE17,66,51.4885,-0.0947213
SE18,66,51.4854,0.0712055
SE19,93,51.4182,-0.0852033
SE20,66,51.4131,-0.0580867
SE21,66,51.4383,-0.0884762
SE22,66,51.4546,-0.0725755
SE23,66,51.4402,-0.050101
SE24,66,51.457,-0.100254
SE25,93,51.3981,-0.0774971
SE26,66,51.4278,-0.0543103
SE27,66,51.4304,-0.101622
SE28,66,51.5012,0.10435
SG1,39,51.909,-0.197544
SG2,39,51.8965,-0.169446
SG3,39,51.8614,-0.182483
SG4,39,51.9253,-0.261311
SG5,39,51.965,-0.278519
SG6,39,51.9795,-0.220909
SG7,39,52.0016,-0.178727
SG8,39,52.0646,-0.0149099
SG9,39,51.94,-0.0104651
SG10,39,51.843,0.0660966
SG11,39,51.8767,0.0254968
SG12,39,51.8129,-0.0180902
SG13,39,51.7899,-0.0721118
SG14,39,51.8057,-0.0908373
SG15,39,52.0115,-0.262284
SG16,39,52.0135,-0.299245
SG17,39,52.035,-0.335159
SG18,39,52.0826,-0.26407
SG19,39,52.1384,-0.246848
SK1,13,53.4082,-2.1538
SK2,13,53.3963,-2.13775
SK3,13,53.3999,-2.17081
SK4,13,53.4174,-2.17875
SK5,13,53.4325,-2.15376
SK6,13,53.4058,-2.08178
SK7,13,53.3692,-2.14443
SK8,13,53.3813,-2.20885
SK9,13,53.3267,-2.23106
SK10,13,53.2736,-2.12996
SK11,13,53.2477,-2.14258
SK12,13,53.3501,-2.01801
SK13,13,53.4476,-1.96355
SK14,13,53.453,-2.04681
SK15,13,53.4865,-2.05031
SK16,13,53.4728,-2.08243
SK17,188,53.2469,-1.88419
SK22,13,53.3739,-1.99316
SK23,13,53.3281,-1.9461
SL0,160,51.5227,-0.516491
SL1,160,51.516,-0.614381
SL2,160,51.5327,-0.602791
SL3,160,51.5005,-0.557772
SL4,160,51.4767,-0.623879
SL5,160,51.4048,-0.662108
SL6,160,51.5229,-0.726498
SL7,160,51.5744,-0.777767
SL8,160,51.5778,-0.708868
SL9,160,51.5956,-0.555563
SM1,93,51.3648,-0.19306
SM2,93,51.3532,-0.197803
SM3,93,51.37,-0.214266
SM4,66,51.393,-0.200188
SM5,93,51.3667,-0.165704
SM6,93,51.361,-0.146417
SM7,93,51.3228,-0.202038
SN1,160,51.5566,-1.77551
SN2,160,51.5797,-1.77846
SN3,160,51.5601,-1.74324
SN4,160,51.5318,-1.84506
SN5,160,51.5676,-1.83903
SN6,160,51.6149,-1.74509
SN7,160,51.6503,-1.56725
SN8,160,51.4095,-1.69397
SN9,160,51.3291,-1.78291
SN10,160,51.3393,-1.98812
SN11,160,51.4395,-1.99973
SN12,160,51.3727,-2.1375
SN13,160,51.4264,-2.20758
SN14,160,51.4659,-2.19856
SN15,160,51.4709,-2.091
SN16,160,51.5893,-2.08131
SN25,160,51.5947,-1.80351
SN26,160,51.6111,-1.78551
SO14,160,50.9078,-1.39654
SO15,160,50.9167,-1.42586
SO16,160,50.9344,-1.43287
SO17,160,50.926,-1.39743
SO18,160,50.9238,-1.36632
SO19,160,50.9028,-1.35731
SO20,160,51.115,-1.50253
SO21,160,51.0733,-1.3144
SO22,160,51.0661,-1.33179
SO23,160,51.0672,-1.30579
SO24,160,51.0853,-1.15053
SO30,160,50.9211,-1.30719
SO31,160,50.8701,-1.29441
SO32,160,50.9467,-1.21405
SO40,160,50.9168,-1.50427
SO41,160,50.756,-1.56127
SO42,160,50.8061,-1.53855
SO43,160,50.8891,-1.58223
SO45,160,50.8496,-1.39507
SO50,160,50.9708,-1.34553
SO51,160,50.994,-1.50077
SO52,160,50.9776,-1.43624
SO53,160,50.9843,-1.38117
SP1,160,51.0737,-1.79114
SP2,160,51.0724,-1.81917
SP3,160,51.0997,-2.00502
SP4,160,51.1624,-1.76693
SP5,160,51.0243,-1.77334
SP6,160,50.9354,-1.80123
SP7,160,51.0054,-2.18596
SP8,160,51.0367,-2.28863
SP9,160,51.2329,-1.66361
SP10,160,51.2107,-1.48329
SP11,160,51.2259,-1.51413
SR1,11,54.9068,-1.38161
SR2,11,54.8885,-1.37864
SR3,11,54.8779,-1.41647
SR4,11,54.9015,-1.42474
SR5,11,54.9217,-1.42209
SR6,11,54.9339,-1.38076
SR7,11,54.8309,-1.36056
SR8,11,54.7665,-1.33657
SS0,39,51.5458,0.691401
SS1,39,51.5394,0.724236
SS2,39,51.55,0.715666
SS3,39,51.5421,0.789591
SS4,39,51.5918,0.712575
SS5,39,51.6068,0.649643
SS6,39,51.5876,0.606464
SS7,39,51.5631,0.577721
SS8,39,51.5221,0.589457
SS9,39,51.5536,0.652162
SS11,39,51.6163,0.535363
SS12,39,51.6058,0.520831
SS13,39,51.5749,0.507555
SS14,39,51.5749,0.470338
SS15,39,51.5769,0.429168
SS16,39,51.5631,0.451804
SS17,39,51.5217,0.439504
ST1,48,53.0252,-2.17463
ST2,48,53.0271,-2.13719
ST3,48,52.9811,-2.12298
ST4,48,52.9978,-2.18358
ST5,48,53.0151,-2.23927
ST6,48,53.0564,-2.19194
ST7,34,53.088,-2.26726
ST8,48,53.1154,-2.16865
ST9,48,53.0497,-2.10392
ST10,48,52.9886,-1.96626
ST11,48,52.9669,-2.0679
ST12,48,52.9539,-2.17238
ST13,48,53.1015,-2.01982
ST14,188,52.9036,-1.86916
ST15,48,52.8985,-2.15128
ST16,48,52.8106,-2.12083
ST17,48,52.7895,-2.10101
ST18,48,52.8146,-2.08339
ST19,48,52.716,-2.14502
ST20,48,52.7985,-2.25488
ST21,48,52.8687,-2.26258
SW1A,66,51.502,-0.133824
SW1E,66,51.4968,-0.140166
SW1H,66,51.4977,-0.134446
SW1P,66,51.4889,-0.133616
SW1V,66,51.4907,-0.139427
SW1W,66,51.4932,-0.14767
SW1X,66,51.4975,-0.153416
SW1Y,66,51.5053,-0.135188
SW2,66,51.4508,-0.12068
SW3,66,51.4883,-0.165028
SW4,66,51.4616,-0.137216
SW5,66,51.4897,-0.189676
SW6,66,51.4774,-0.200511
SW7,66,51.4965,-0.176534
SW8,66,51.4765,-0.132806
SW9,66,51.4691,-0.113676
SW10,66,51.4838,-0.183041
SW11,66,51.467,-0.164344
SW12,66,51.4462,-0.14992
SW13,66,51.4744,-0.248951
SW14,67,51.4665,-0.266675
SW15,67,51.458,-0.225825
SW16,67,51.4236,-0.129571
SW17,67,51.4302,-0.165162
SW18,67,51.4505,-0.191554
SW19,67,51.4222,-0.205356
SW20,67,51.4124,-0.224061
SY1,47,52.7198,-2.74326
SY2,47,52.7063,-2.73106
SY3,47,52.7003,-2.77117
SY4,33,52.794,-2.75287
SY5,47,52.6553,-2.8268
SY6,47,52.5352,-2.79438
SY7,47,52.4265,-2.88255
SY8,47,52.3654,-2.69692
SY9,47,52.4961,-2.98248
SY10,33,52.839,-3.10875
SY11,33,52.8672,-3.03146
SY12,33,52.9022,-2.89693
SY13,33,52.9532,-2.68927
SY14,33,53.028,-2.76298
SY15,33,52.5605,-3.13419
SY16,33,52.52,-3.31278
SY17,33,52.517,-3.4613
SY18,33,52.442,-3.54956
SY19,33,52.5716,-3.59491
SY20,33,52.6131,-3.8211
SY21,33,52.6583,-3.20075
SY22,33,52.7583,-3.18152
SY23,33,52.3852,-4.05505
SY24,33,52.4692,-4.02533
SY25,202,52.2372,-3.93592
TA1,187,51.0163,-3.10568
TA2,187,51.0329,-3.10185
TA3,187,50.9945,-3.0418
TA4,187,51.0719,-3.26552
TA5,187,51.1426,-3.09051
TA6,187,51.1259,-3.00101
TA7,187,51.131,-2.91518
TA8,187,51.2439,-2.99482
TA9,187,51.2259,-2.95943
TA10,187,51.0338,-2.8266
TA11,187,51.0602,-2.70897
TA12,187,50.9742,-2.77201
TA13,187,50.9471,-2.8104
TA14,187,50.948,-2.75106
TA15,187,50.9514,-2.72212
TA16,187,50.9078,-2.79314
TA17,187,50.9082,-2.83629
TA18,187,50.8828,-2.78808
TA19,187,50.934,-2.91542
TA20,187,50.8731,-2.96137
TA21,187,50.9779,-3.24226
TA22,187,51.0449,-3.54672
TA23,187,51.165,-3.34924
TA24,187,51.1842,-3.50734
TD1,1,55.6227,-2.81103
TD2,1,55.7309,-2.75496
TD3,1,55.7016,-2.57321
TD4,1,55.6406,-2.67388
TD5,1,55.5892,-2.41883
TD6,1,55.5829,-2.6954
TD7,1,55.5379,-2.86947
TD8,1,55.476,-2.54337
TD9,1,55.3997,-2.77751
TD10,1,55.7162,-2.44212
TD11,1,55.7873,-2.31509
TD12,1,55.6532,-2.24228
TD13,1,55.9362,-2.38518
TD14,1,55.8674,-2.12264
TD15,11,55.7508,-2.01303
TF1,47,52.7032,-2.50069
TF2,47,52.6966,-2.44095
TF3,47,52.6661,-2.44728
TF4,47,52.661,-2.46933
TF5,47,52.7151,-2.53682
TF6,47,52.7334,-2.55432
TF7,47,52.6394,-2.44726
TF8,47,52.6303,-2.47848
TF9,47,52.8981,-2.47236
TF10,47,52.7686,-2.3861
TF11,47,52.6639,-2.36424
TF12,47,52.6128,-2.48082
TF13,47,52.5824,-2.5766
TN1,95,51.1369,0.268068
TN2,95,51.1267,0.267804
TN3,95,51.1245,0.250255
TN4,95,51.1469,0.258313
TN5,95,51.068,0.35801
TN6,95,51.054,0.17169
TN7,95,51.0915,0.110147
TN8,95,51.1953,0.0760803
TN9,95,51.1913,0.278315
TN10,95,51.2102,0.28426
TN11,95,51.2058,0.26709
TN12,95,51.173,0.438033
TN13,95,51.275,0.186119
TN14,95,51.295,0.163153
TN15,95,51.299,0.267827
TN16,95,51.2971,0.0484569
TN17,95,51.0955,0.537503
TN18,95,51.0454,0.524482
TN19,95,51.0043,0.412791
TN20,95,51.0307,0.253894
TN21,95,50.9605,0.261016
TN22,95,50.9801,0.0974768
TN23,95,51.1409,0.860931
TN24,95,51.1498,0.885156
TN25,95,51.1429,0.93283
TN26,95,51.1015,0.804946
TN27,95,51.1659,0.709646
TN28,95,50.9836,0.94942
TN29,95,50.9927,0.932675
TN30,95,51.064,0.695139
TN31,95,50.9605,0.695955
TN33,95,50.9119,0.476996
TN34,95,50.863,0.579851
TN35,95,50.88,0.609657
TN36,95,50.9218,0.70133
TN37,95,50.8706,0.556258
TN38,95,50.8651,0.544783
TN39,95,50.846,0.453783
TN40,95,50.8439,0.480322
TQ1,187,50.4735,-3.52753
TQ2,187,50.4758,-3.54477
TQ3,187,50.4434,-3.57467
TQ4,187,50.4253,-3.5718
TQ5,187,50.3922,-3.52228
TQ6,187,50.3478,-3.5905
TQ7,187,50.2827,-3.78447
TQ8,187,50.2403,-3.77216
TQ9,187,50.4201,-3.69049
TQ10,187,50.4245,-3.81732
TQ12,187,50.53,-3.61094
TQ13,187,50.5908,-3.71171
TQ14,187,50.5499,-3.50655
TR1,187,50.262,-5.05365
TR2,187,50.2545,-4.95636
TR3,187,50.2203,-5.10807
TR4,187,50.2835,-5.13196
TR5,187,50.3072,-5.18765
TR6,187,50.3425,-5.153
TR7,187,50.4138,-5.07631
TR8,187,50.4007,-5.04067
TR9,187,50.4142,-4.94157
TR10,187,50.1663,-5.11813
TR11,187,50.1505,-5.08784
TR12,187,50.0442,-5.18467
TR13,187,50.1094,-5.28576
TR14,187,50.2114,-5.29617
TR15,187,50.2331,-5.23705
TR16,187,50.233,-5.22211
TR17,187,50.1254,-5.47095
TR18,187,50.1179,-5.54169
TR19,187,50.1019,-5.62656
TR20,187,50.1312,-5.49171
TR21,187,49.9481,-6.18766
TR22,187,49.8936,-6.34198
TR23,187,49.9539,-6.35263
TR24,187,49.9554,-6.33532
TR25,187,49.9634,-6.29114
TR26,187,50.2029,-5.48002
TR27,187,50.1824,-5.40738
TS1,11,54.5731,-1.23958
TS2,11,54.5835,-1.23739
TS3,11,54.5619,-1.19851
TS4,11,54.5572,-1.22373
TS5,11,54.552,-1.25211
TS6,11,54.5675,-1.15606
TS7,11,54.5331,-1.18657
TS8,11,54.5217,-1.23129
TS9,11,54.469,-1.16849
TS10,11,54.6058,-1.07201
TS11,11,54.588,-1.03389
TS12,11,54.5634,-0.967196
TS13,11,54.5505,-0.858589
TS14,11,54.5323,-1.06194
TS15,11,54.4936,-1.33369
TS16,11,54.5261,-1.3537
TS17,11,54.5389,-1.305
TS18,11,54.5623,-1.32178
TS19,11,54.5761,-1.3385
TS20,11,54.5855,-1.31444
TS21,11,54.6241,-1.4226
TS22,11,54.6204,-1.32022
TS23,11,54.6065,-1.28701
TS24,11,54.6937,-1.21072
TS25,11,54.6635,-1.22407
TS26,11,54.6884,-1.23064
TS27,11,54.7224,-1.28786
TS28,11,54.7255,-1.37494
TS29,11,54.7112,-1.41997
TW1,95,51.4509,-0.327793
TW2,95,51.4471,-0.350065
TW3,161,51.4686,-0.363313
TW4,161,51.4669,-0.38439
TW5,161,51.4803,-0.381555
TW6,161,51.4685,-0.45096
TW7,161,51.4749,-0.331809
TW8,161,51.4861,-0.308375
TW9,95,51.4672,-0.296965
TW10,95,51.4515,-0.302839
TW11,95,51.4267,-0.332601
TW12,95,51.421,-0.369481
TW13,161,51.4392,-0.403436
TW14,161,51.4522,-0.420069
TW15,161,51.4304,-0.455836
TW16,161,51.4164,-0.417507
TW17,95,51.3975,-0.447939
TW18,161,51.4292,-0.510582
TW19,161,51.4521,-0.505311
TW20,161,51.4281,-0.548808
UB1,161,51.5123,-0.376473
UB2,161,51.5006,-0.380468
UB3,161,51.505,-0.421702
UB4,161,51.5231,-0.408582
UB5,161,51.5443,-0.37475
UB6,161,51.5402,-0.344355
UB7,161,51.507,-0.471299
UB8,161,51.537,-0.478861
UB9,161,51.5799,-0.491806
UB10,161,51.5473,-0.455646
UB11,161,51.5157,-0.453523
W1B,67,51.5141,-0.140665
W1C,67,51.5144,-0.149425
W1D,67,51.5136,-0.132935
W1F,67,51.5135,-0.136499
W1G,67,51.5191,-0.148035
W1H,67,51.5174,-0.15951
W1J,67,51.508,-0.144914
W1K,67,51.5112,-0.150856
W1S,67,51.5113,-0.142353
W1T,67,51.5201,-0.136462
W1U,67,51.5186,-0.153396
W1W,67,51.5191,-0.140951
W4,161,51.4914,-0.263613
W5,161,51.5122,-0.303989
W6,67,51.4925,-0.23104
W8,67,51.5004,-0.195401
W10,67,51.5202,-0.221647
W13,161,51.5131,-0.321423
WA2,33,53.4086,-2.58369
WA4,33,53.3702,-2.58141
WA5,33,53.3997,-2.63242
WA6,33,53.2756,-2.72415
WA8,33,53.3726,-2.73952
WA10,33,53.4538,-2.75293
WA13,33,53.3825,-2.46579
WA16,33,53.3045,-2.37121
WC1A,67,51.5191,-0.122846
WC1B,67,51.519,-0.12652
WC1E,67,51.5207,-0.132398
WC1H,67,51.5248,-0.126315
WC1R,67,51.5192,-0.116983
WC1X,67,51.5244,-0.117279
WC2E,67,51.5125,-0.123816
WC2R,67,51.5122,-0.118394
WD3,37,51.6435,-0.482985
WD4,37,51.7065,-0.453888
WD5,37,51.7045,-0.422593
WD7,37,51.6858,-0.312677
WD18,37,51.648,-0.419178
WD24,37,51.6697,-0.401245
WF3,164,53.7215,-1.52379
WF4,164,53.6491,-1.51791
WF5,164,53.6806,-1.57691
WF6,164,53.7015,-1.41374
WF7,164,53.6671,-1.35118
WF8,164,53.6871,-1.30158
WF9,164,53.6063,-1.32096
WF10,164,53.7235,-1.35019
WF11,164,53.7107,-1.25919
WF12,164,53.6841,-1.6223
WF13,164,53.6918,-1.64439
WF14,164,53.6805,-1.69105
WF15,164,53.7083,-1.69906
WF16,164,53.7096,-1.66838
WF17,164,53.7177,-1.64048
WN2,13,53.5363,-2.58458
WN3,13,53.5307,-2.64479
WN4,13,53.4973,-2.64342
WN5,13,53.5326,-2.68484
WN6,13,53.5733,-2.66937
WN7,13,53.4973,-2.51825
WN8,13,53.5522,-2.77171
WR1,47,52.1973,-2.2175
WR2,47,52.1915,-2.24026
WR3,47,52.2161,-2.21048
WR4,47,52.2044,-2.1912
WR5,47,52.1797,-2.20012
WR6,47,52.2292,-2.36106
WR8,47,52.0902,-2.20192
WR10,47,52.117,-2.06714
WR13,47,52.0947,-2.34179
WS2,47,52.5887,-2.00197
WS3,47,52.617,-1.99156
WS4,47,52.6043,-1.96116
WS5,47,52.5683,-1.96147
WS6,47,52.6573,-2.02265
WS7,47,52.6804,-1.91569
WS8,47,52.6429,-1.93677
WS9,47,52.6093,-1.91929
WS10,47,52.5603,-2.02339
WS11,47,52.6888,-2.01639
WS13,47,52.6914,-1.81783
WS15,47,52.7588,-1.92012
WV3,47,52.5808,-2.1483
WV5,47,52.5332,-2.21057
WV7,47,52.6343,-2.27681
WV9,47,52.6317,-2.14066
WV11,47,52.6098,-2.07173
WV14,47,52.5583,-2.07793
YO1,11,53.9581,-1.07123
YO10,11,53.9513,-1.06075
YO12,11,54.2746,-0.422528
YO15,164,54.0916,-0.182325
YO16,164,54.0961,-0.199191
YO17,11,54.1396,-0.771496
YO18,11,54.2559,-0.767576
YO19,164,53.9111,-1.02639
YO21,11,54.4779,-0.701383
YO23,11,53.9278,-1.11935
YO25,164,54.0143,-0.41962
YO31,11,53.9703,-1.06589
YO42,164,53.9248,-0.788497
YO51,11,54.0879,-1.38852
YO61,11,54.1197,-1.19935
ZE1,0,60.1517,-1.16818